{
    "metadata": {
        "version": 4.5,
        "type": "Object",
        "generator": "Object3D.toJSON"
    },
    "object": {
        "uuid": "52D6DF56-018B-4C17-801F-4D63C12230A1",
        "type": "PerspectiveCamera",
        "name": "Camera",
        "matrix": [
            1,
            0,
            0,
            0,
            0,
            0.894427,
            -0.447214,
            0,
            0,
            0.447214,
            0.894427,
            0,
            0,
            12.762295,
            25.524589,
            1
        ],
        "fov": 50,
        "zoom": 1,
        "near": 0.01,
        "far": 1000,
        "focus": 10,
        "aspect": 1.659679,
        "filmGauge": 35,
        "filmOffset": 0
    }
}